문제번호,문제,선지1,선지2,선지3,선지4,정답,해설
23,"스택(Stack)에 대한 옳은 내용으로만 나열된 것은? (보기:  ㉠ FIFO 방식으로 처리된다. ㉡ 순서 리스트의 뒤(Rear)에서 노드가 삽입되며, 앞(Front)
에서 노드가 제거된다. ㉢ 선형 리스트의 양쪽 끝에서 삽입과 삭제가 모두 가능한 자료 구조이다. ㉣ 인터럽트 처리, 서브루틴 호출 작업 등에 응용된다.)","㉠, ㉡","㉡, ㉢",㉣,"㉠, ㉡, ㉢, ㉣",3,"스택(Stack)은 한쪽 끝에서만 데이터를 추가하거나 제거할 수 있는 LIFO(Last In, First Out) 방식의 자료 구조입니다. 이는 가장 마지막에 들어온 데이터가 가장 먼저 나가는 구조를 의미합니다. 따라서 스택은 다음과 같은 특징을 가집니다:

- LIFO 방식으로 데이터 처리: 가장 최근에 삽입된 요소가 가장 먼저 제거됩니다.
- 데이터의 삽입(push)과 제거(pop)가 같은 쪽에서 이루어집니다.
- 함수의 호출과 반환, 인터럽트 처리 등에서 사용되는 효율적인 자료 구조입니다.

이제 각 보기를 분석해 보겠습니다:
- ㉠ FIFO 방식으로 처리된다: 이는 큐(Queue)의 특성이며, 스택은 LIFO 방식을 사용합니다. 따라서 잘못된 설명입니다.
- ㉡ 순서 리스트의 뒤(Rear)에서 노드가 삽입되며, 앞(Front)에서 노드가 제거된다: 이 역시 큐의 특성을 설명하고 있습니다. 스택은 한쪽 끝에서만 삽입과 삭제가 이루어집니다.
- ㉢ 선형 리스트의 양쪽 끝에서 삽입과 삭제가 모두 가능한 자료 구조이다: 이는 덱(Deque)의 특성을 설명하고 있습니다. 스택은 한쪽 끝에서만 작업이 이루어집니다.
- ㉣ 인터럽트 처리, 서브루틴 호출 작업 등에 응용된다: 이는 스택의 정확한 사용 예시로, 올바른 설명입니다.

따라서 정답은 선지 3: ㉣ 입니다. 이 선지만이 스택의 특성과 사용 예를 정확하게 설명하고 있습니다."
35,"순서가 A, B, C, D로 정해진 입력자료를 push, push, pop, push, push, pop, pop, pop 순서로 스택연산을 수행하는 경우 출력 결과는?",B D C A,A B C D,B A C D,A B D C,1,"이 문제는 스택(stack)을 사용하여 데이터를 처리하는 방식에 관한 것입니다. 스택은 후입선출(LIFO, Last In First Out)의 특성을 가지는 자료구조로, 가장 마지막에 들어온 데이터가 가장 먼저 나오는 구조입니다.

입력자료 A, B, C, D가 순서대로 주어지고, 이를 스택 연산에 따라 처리해야 합니다. 연산 순서는 다음과 같습니다:
1. push A
2. push B
3. pop (B가 출력됨)
4. push C
5. push D
6. pop (D가 출력됨)
7. pop (C가 출력됨)
8. pop (A가 출력됨)

이제 각 단계별로 스택의 상태를 확인하면:
1. 스택: [A]
2. 스택: [A, B]
3. 스택: [A] (B 출력)
4. 스택: [A, C]
5. 스택: [A, C, D]
6. 스택: [A, C] (D 출력)
7. 스택: [A] (C 출력)
8. 스택: [] (A 출력)

최종적으로 출력되는 순서는 B, D, C, A입니다. 이는 선지 1: B D C A에 해당합니다. 따라서 정답은 선지 1입니다."
139,"순서가 있는 리스트에서 데이터의 삽입(Push), 삭제(Pop)가 한 쪽 끝에서 일어나며 LIFO(Last-In-First-Out)의 특징을 가지는 자료구조는?",Tree,Graph,Stack,Queue,3,"이 문제는 특정 자료구조의 특성을 묻는 문제입니다. 문제에서 언급된 자료구조는 데이터의 삽입(Push)과 삭제(Pop)가 한 쪽 끝에서 일어나며, LIFO(Last-In-First-Out) 즉, 마지막에 들어간 데이터가 가장 먼저 나오는 특성을 가지고 있습니다.

선지를 살펴보면:
1. Tree: 계층적 구조를 가지며 노드 간에 부모-자식 관계를 가집니다.
2. Graph: 노드와 노드를 연결하는 간선으로 이루어진 구조로, 데이터의 삽입과 삭제의 위치가 고정되어 있지 않습니다.
3. Stack: LIFO 방식을 따르는 자료구조로, 마지막에 들어간 데이터가 가장 먼저 나오는 특성이 있습니다.
4. Queue: FIFO(First-In-First-Out) 방식을 따르는 자료구조로, 처음 들어간 데이터가 가장 먼저 나오는 특성이 있습니다.

따라서, 문제에서 요구하는 LIFO 특성을 가진 자료구조는 선지 3인 'Stack'입니다. Stack은 데이터를 한 쪽 끝에서만 삽입하고 삭제할 수 있으며, 이러한 동작 방식 때문에 후입선출(LIFO)의 특성을 가집니다."
229,스택(STACK)의 응용 분야로 거리가 먼 것은?,인터럽트의 처리,수식의 계산,서브루틴의 복귀 번지 저장,운영체제의 작업 스케줄링,4,"스택은 후입선출(Last In First Out, LIFO)의 특성을 가진 자료구조로, 다양한 프로그래밍 및 컴퓨터 과학 분야에서 활용됩니다. 각 선지에 대한 스택의 적용을 살펴보면 다음과 같습니다.

1. **인터럽트의 처리**: 인터럽트 처리에서 스택은 현재 실행 중인 작업의 상태를 저장하고 복구하는 데 사용됩니다. 인터럽트 발생 시, CPU는 현재 작업의 상태를 스택에 저장하고 인터럽트 서비스 루틴을 처리한 후, 스택에서 상태를 복원하여 작업을 계속 수행합니다.

2. **수식의 계산**: 스택은 수식 계산, 특히 후위 표기법(postfix notation) 계산에 널리 사용됩니다. 연산자와 피연산자를 스택에 저장하고 계산 과정에서 스택의 LIFO 특성을 활용하여 수식을 평가합니다.

3. **서브루틴의 복귀 번지 저장**: 프로그램에서 함수 또는 서브루틴을 호출할 때, 복귀 주소(해당 함수나 서브루틴이 끝난 후 돌아갈 위치)를 스택에 저장합니다. 이를 통해 함수가 종료된 후에 이전의 실행 위치로 정확하게 돌아갈 수 있습니다.

4. **운영체제의 작업 스케줄링**: 작업 스케줄링은 프로세스들을 관리하고 실행 순서를 결정하는 과정입니다. 이는 주로 큐(Queue)와 같은 다른 자료구조를 사용하여 구현됩니다. 스택은 작업 스케줄링에 직접적으로 사용되지는 않으며, 이는 스택의 LIFO 특성이 작업 스케줄링의 요구사항과 맞지 않기 때문입니다.

따라서, 스택의 응용 분야로 가장 거리가 먼 것은 **선지 4: 운영체제의 작업 스케줄링**입니다. 이는 스택의 특성과 작업 스케줄링의 요구 사항이 일치하지 않기 때문입니다."
233,"순서가 A, B, C, D로 정해진 입력 자료를 스택에 입력하였다가 출력할 때, 가능한 출력 순서의 결과가 아닌 것은?","A, B, C, D","D, A, B, C","A, B, D, C","B, C, D, A",2,"스택은 후입선출(LIFO, Last In First Out) 구조를 가진 자료구조입니다. 즉, 가장 마지막에 들어간 데이터가 가장 먼저 나오는 구조입니다. 이를 고려하여 각 선지의 출력 순서가 스택의 특성에 부합하는지 확인해야 합니다.

1. 선지 1: A, B, C, D
   - 스택에 A, B, C, D 순으로 입력하고, D, C, B, A 순으로 꺼내면 A, B, C, D 순서로 출력될 수 있습니다. (가능)

2. 선지 2: D, A, B, C
   - 스택에 A, B, C, D 순으로 입력한 후, D를 먼저 출력하려면 D가 가장 마지막에 입력되어야 합니다. 그러나 이후 A, B, C를 순서대로 출력하려면, A가 스택의 바닥에 있어야 하므로 이 순서는 불가능합니다.

3. 선지 3: A, B, D, C
   - 스택에 A, B, C, D 순으로 입력하고, A, B를 꺼내고, D를 꺼내고 마지막으로 C를 꺼내면 이 순서로 출력할 수 있습니다. (가능)

4. 선지 4: B, C, D, A
   - 스택에 A, B, C, D 순으로 입력하고, B를 꺼내고 C, D를 꺼내고 마지막으로 A를 꺼내면 이 순서로 출력할 수 있습니다. (가능)

결론적으로, 선지 2는 스택의 후입선출 특성에 맞지 않으므로 가능한 출력 순서가 아닙니다."
